loss,accuracy,precision,recall,auc
0.17567048966884613,0.9263036251068115,0.9206317663192749,0.9758507013320923,0.973639965057373
0.12683290243148804,0.93839430809021,0.9334658980369568,0.979286253452301,0.9860166311264038
0.1224532350897789,0.9400596618652344,0.9356969594955444,0.979227602481842,0.9871377348899841
0.11986901611089706,0.941097617149353,0.9377293586730957,0.9784315824508667,0.9876996278762817
0.11851717531681061,0.9414170384407043,0.9381231069564819,0.9784650802612305,0.9879891872406006
0.11753439158201218,0.9422895908355713,0.9397870898246765,0.977861762046814,0.9882038235664368
0.11648853868246078,0.9425348043441772,0.9405384659767151,0.9773589968681335,0.9884363412857056
0.1156947910785675,0.9430709481239319,0.9418081045150757,0.9767054319381714,0.988618016242981
0.11475265771150589,0.943162202835083,0.9421014189720154,0.9765043258666992,0.9888446927070618
0.11442700773477554,0.9432876706123352,0.9432438015937805,0.9753646850585938,0.9889020323753357
0.11372397840023041,0.9435499906539917,0.9434948563575745,0.9754820466041565,0.9891322255134583
0.11314588785171509,0.9439720511436462,0.9451874494552612,0.9741748571395874,0.9892277121543884
0.11285123974084854,0.9440404772758484,0.9458233714103699,0.9735463857650757,0.9892803430557251
0.11215859651565552,0.9445081353187561,0.9460337162017822,0.9740324020385742,0.9894567728042603
0.11205093562602997,0.9448446035385132,0.9469175934791565,0.9735380411148071,0.9894680380821228
0.1112964004278183,0.9447077512741089,0.9471040368080139,0.9731106758117676,0.9896626472473145
0.110877126455307,0.9457228779792786,0.9479394555091858,0.973730742931366,0.9897517561912537
0.11087594926357269,0.9454320669174194,0.9484740495681763,0.9726665616035461,0.9897475838661194
0.11071855574846268,0.9453065991401672,0.9490005373954773,0.9718705415725708,0.9897506833076477
0.10988163203001022,0.9458997249603271,0.9493377804756165,0.972406804561615,0.9899588227272034
