configuration,fold,best_epoch,epochs_executed,best_val_loss
C1_Nano,1,19,20,0.11648047715425491
C1_Nano,2,17,20,0.11449756473302841
C1_Nano,3,19,20,0.1155857965350151
C2_Micro_Base,1,19,20,0.11414919793605804
C2_Micro_Base,2,17,20,0.1129666417837143
C2_Micro_Base,3,20,20,0.11302528530359268
C3_Micro_Robust_FL,1,11,14,0.1176772341132164
C3_Micro_Robust_FL,2,20,20,0.11435922235250473
C3_Micro_Robust_FL,3,20,20,0.11434667557477951
C4_Micro_Slow_FL,1,19,20,0.11565549671649933
C4_Micro_Slow_FL,2,20,20,0.11438366025686264
C4_Micro_Slow_FL,3,20,20,0.11434376984834671
C5_Pyme_Max,1,20,20,0.11245014518499374
C5_Pyme_Max,2,18,20,0.11072655767202377
C5_Pyme_Max,3,20,20,0.11100418120622635
