configuration,hidden_layers,dropout,learning_rate,num_params,threshold,accuracy_mean,accuracy_std,precision_mean,precision_std,recall_mean,recall_std,f1_score_mean,f1_score_std,roc_auc_mean,roc_auc_std,specificity_mean,specificity_std,false_positive_rate_mean,false_positive_rate_std,fpr_mean_plus_std
C5_Pyme_Max,"[64, 32]",0.2,0.001,14465,0.8,0.9170986819967949,0.0033364145084170053,0.9864779970380614,0.0011129854548835093,0.8904064435623988,0.005592888253052931,0.9359756253337174,0.002788658384555523,0.9898852451179,0.0001845999889704596,0.9739820956458293,0.002290253639925549,0.026017904354170802,0.0022902536399255057,0.028308157994096306
C2_Micro_Base,"[32, 16]",0.2,0.001,6721,0.85,0.9054128811858037,0.007502720368517273,0.9903456579534522,0.001327444855510766,0.869516715337067,0.01227608368114021,0.9259695712236087,0.006428253494807566,0.9894950986348247,0.00011931639507328491,0.9819106814292032,0.0027352527464376947,0.018089318570796747,0.0027352527464377173,0.020824571317234464
C5_Pyme_Max,"[64, 32]",0.2,0.001,14465,0.85,0.904660062392709,0.004188210583076616,0.9911974756083101,0.00091196613976843,0.8676313653940425,0.006828300398443995,0.9252959683155332,0.0035864301151128197,0.9898852451179,0.0001845999889704596,0.9835713918893778,0.0018237909271262046,0.016428608110622262,0.001823790927126179,0.018252399037748442
C4_Micro_Slow_FL,"[32, 16]",0.2,0.0005,6721,0.85,0.9013750349319327,0.006228342418454984,0.9904633974912426,0.0019204598794950209,0.8634248705731249,0.010857539864498172,0.92255968168332,0.005387717586511813,0.9891892315200465,0.0001316951461388798,0.9822499256888836,0.0038354494939929888,0.01775007431111657,0.0038354494939929784,0.02158552380510955
C3_Micro_Robust_FL,"[32, 16]",0.35,0.001,6721,0.85,0.9011126889888844,0.0010696299971775566,0.9904335951358099,0.0008980407681175864,0.8630478849242759,0.002097750886442719,0.9223617350580963,0.0009408409484116505,0.9890836188237753,0.00036070933622810495,0.9822321214806337,0.0017148886271646391,0.01776787851936634,0.0017148886271646,0.019482767146530938
C1_Nano,"[16, 8]",0.1,0.001,3233,0.85,0.9005423717213885,0.003984314148553963,0.989829395264889,0.001566231259803404,0.8627461798798396,0.007253720565772802,0.9219138614187464,0.0034820210971157795,0.9889668205174212,0.00022152945245643125,0.9810892216066928,0.0031100912814589635,0.018910778393307265,0.0031100912814589275,0.022020869674766193
C2_Micro_Base,"[32, 16]",0.2,0.001,6721,0.9,0.8901568942802882,0.005288363542204487,0.9941869374233487,0.000580211423784869,0.8435491206428264,0.008267847377452302,0.9126780058244425,0.00463032357035695,0.9894950986348247,0.00011931639507328491,0.9894821249929732,0.001145892787842639,0.010517875007026832,0.0011458927878426383,0.01166376779486947
C5_Pyme_Max,"[64, 32]",0.2,0.001,14465,0.9,0.8890048533999465,0.0031245059349971787,0.9946823510711879,0.0005227487301851124,0.8414207616177372,0.00492954868389949,0.9116492085964625,0.0027395961923782435,0.9898852451179,0.0001845999889704596,0.9904106941899541,0.0009924644485091636,0.00958930581004591,0.0009924644485091356,0.010581770258555046
C4_Micro_Slow_FL,"[32, 16]",0.2,0.0005,6721,0.9,0.8860163909182678,0.005583132243178877,0.9942706485801439,0.0013572966039032397,0.8373651094190163,0.009414999769139103,0.9090734185164028,0.004967129253466252,0.9891892315200465,0.0001316951461388798,0.9896963772246549,0.002578649413595963,0.010303622775345238,0.0025786494135959757,0.012882272188941214
C1_Nano,"[16, 8]",0.1,0.001,3233,0.9,0.8851095864629493,0.0034945326702480435,0.993979127945397,0.0008876072710876189,0.8362674494036347,0.005913473455123541,0.9083188112583752,0.0031200944402078584,0.9889668205174212,0.00022152945245643125,0.9891963947629144,0.0016819609814193838,0.010803605237085614,0.001681960981419396,0.01248556621850501
C3_Micro_Robust_FL,"[32, 16]",0.35,0.001,6721,0.9,0.8849270849373507,0.00013934894545908068,0.9944456742341639,0.00037348057711393724,0.8355971545603161,0.0004905791819132545,0.908127217341268,0.0001471679338348662,0.9890836188237753,0.00036070933622810495,0.9900535758865935,0.0006782286487932831,0.009946424113406634,0.0006782286487933074,0.01062465276219994
